Var1,Var2,Var3,Var4,Var5
method,h1,h2,error,c
Linear,1,0.5,0.0566053181533441,0.8
Linear,0.5,0.25,0.0142853970367317,0.8
Linear,0.25,0.125,0.00358010868017523,0.8
Linear,0.125,0.0625,0.000895580215558871,0.8
